Workbook

Sheet 前提条件
B1: FanUp 事業計画 — 前提条件
B3: 収益モデル
B4: 平均プロジェクト金額（円） | C4: 350000 | D4: Fantiaデビュー系の平均
B5: プラットフォーム手数料 | C5: 0.3 | D5: 成立時のみ発生
B6: 決済手数料（Stripe） | C6: 0.036 | D6: GMVに対して
B7: プロジェクト達成率 | C7: 0.55 | D7: 開始→成立の割合
B10: 月別プロジェクト成立数（標準シナリオ）
B11: 月 | C11: 保守 | D11: 標準 | E11: 楽観
B12: 1月目 | C12: 0 | D12: 0 | E12: 0
B13: 2月目 | C13: 0 | D13: 0 | E13: 0
B14: 3月目 | C14: 6 | D14: 10 | E14: 14
B15: 4月目 | C15: 8 | D15: 13 | E15: 18
B16: 5月目 | C16: 10 | D16: 16 | E16: 22
B17: 6月目 | C17: 12 | D17: 19 | E17: 26
B18: 7月目 | C18: 14 | D18: 22 | E18: 30
B19: 8月目 | C19: 16 | D19: 25 | E19: 34
B20: 9月目 | C20: 18 | D20: 28 | E20: 38
B21: 10月目 | C21: 20 | D21: 31 | E21: 42
B22: 11月目 | C22: 22 | D22: 34 | E22: 46
B23: 12月目 | C23: 24 | D23: 37 | E23: 50
B24: 合計 | C24: =SUM(C12:C23) -> 150 | D24: =SUM(D12:D23) -> 235 | E24: =SUM(E12:E23) -> 320
B26: コスト前提（月額・円）
B27: サーバー費（Vercel + Supabase） | C27: 30000 | D27: 固定費
B28: ツール・SaaS費 | C28: 20000 | D28: 分析・メール等
B29: マーケティング費（初期） | C29: 100000 | D29: Instagram広告等
B30: マーケティング費（拡大期・6月目〜） | C30: 300000 | D30: 広告＋KOL
B31: 外注・業務委託費 | C31: 200000 | D31: デザイン・CS等
B32: その他（法務・会計等） | C32: 50000

Sheet 月次PL（標準）
B1: FanUp 月次損益計算書（標準シナリオ） 単位: 円
B3: 科目 | C3: 1月目 | D3: 2月目 | E3: 3月目 | F3: 4月目 | G3: 5月目 | H3: 6月目 | I3: 7月目 | J3: 8月目 | K3: 9月目 | L3: 10月目 | M3: 11月目 | N3: 12月目 | O3: 年間合計
B4: 成立プロジェクト数 | C4: =前提条件!D12 -> 0 | D4: =前提条件!D13 -> 0 | E4: =前提条件!D14 -> 10 | F4: =前提条件!D15 -> 13 | G4: =前提条件!D16 -> 16 | H4: =前提条件!D17 -> 19 | I4: =前提条件!D18 -> 22 | J4: =前提条件!D19 -> 25 | K4: =前提条件!D20 -> 28 | L4: =前提条件!D21 -> 31 | M4: =前提条件!D22 -> 34 | N4: =前提条件!D23 -> 37 | O4: =SUM(C4:N4) -> 235
B5: GMV（総取扱高） | C5: =C4*前提条件!C4 -> 0 | D5: =D4*前提条件!C4 -> 0 | E5: =E4*前提条件!C4 -> 3500000 | F5: =F4*前提条件!C4 -> 4550000 | G5: =G4*前提条件!C4 -> 5600000 | H5: =H4*前提条件!C4 -> 6650000 | I5: =I4*前提条件!C4 -> 7700000 | J5: =J4*前提条件!C4 -> 8750000 | K5: =K4*前提条件!C4 -> 9800000 | L5: =L4*前提条件!C4 -> 10850000 | M5: =M4*前提条件!C4 -> 11900000 | N5: =N4*前提条件!C4 -> 12950000 | O5: =SUM(C5:N5) -> 82250000
B7: 売上高（手数料収入） | C7: =C5*前提条件!C5 -> 0 | D7: =D5*前提条件!C5 -> 0 | E7: =E5*前提条件!C5 -> 1050000 | F7: =F5*前提条件!C5 -> 1365000 | G7: =G5*前提条件!C5 -> 1680000 | H7: =H5*前提条件!C5 -> 1995000 | I7: =I5*前提条件!C5 -> 2310000 | J7: =J5*前提条件!C5 -> 2625000 | K7: =K5*前提条件!C5 -> 2940000 | L7: =L5*前提条件!C5 -> 3255000 | M7: =M5*前提条件!C5 -> 3570000 | N7: =N5*前提条件!C5 -> 3885000 | O7: =SUM(C7:N7) -> 24675000
B8: 決済手数料（Stripe） | C8: =C5*前提条件!C6 -> 0 | D8: =D5*前提条件!C6 -> 0 | E8: =E5*前提条件!C6 -> 126000 | F8: =F5*前提条件!C6 -> 163800 | G8: =G5*前提条件!C6 -> 201600 | H8: =H5*前提条件!C6 -> 239400 | I8: =I5*前提条件!C6 -> 277200 | J8: =J5*前提条件!C6 -> 315000 | K8: =K5*前提条件!C6 -> 352800 | L8: =L5*前提条件!C6 -> 390600 | M8: =M5*前提条件!C6 -> 428400 | N8: =N5*前提条件!C6 -> 466200 | O8: =SUM(C8:N8) -> 2961000
B9: 売上総利益 | C9: =C7-C8 -> 0 | D9: =D7-D8 -> 0 | E9: =E7-E8 -> 924000 | F9: =F7-F8 -> 1201200 | G9: =G7-G8 -> 1478400 | H9: =H7-H8 -> 1755600 | I9: =I7-I8 -> 2032800 | J9: =J7-J8 -> 2310000 | ... N9: =N7-N8 -> 3418800 | O9: =SUM(C9:N9) -> 21714000
B11: 販管費
B12: サーバー費 | C12: =前提条件!C27 -> 30000 | D12: =前提条件!C27 -> 30000 | E12: =前提条件!C27 -> 30000 | F12: =前提条件!C27 -> 30000 | G12: =前提条件!C27 -> 30000 | H12: =前提条件!C27 -> 30000 | I12: =前提条件!C27 -> 30000 | J12: =前提条件!C27 -> 30000 | K12: =前提条件!C27 -> 30000 | L12: =前提条件!C27 -> 30000 | M12: =前提条件!C27 -> 30000 | N12: =前提条件!C27 -> 30000 | O12: =SUM(C12:N12) -> 360000
B13: ツール・SaaS費 | C13: =前提条件!C28 -> 20000 | D13: =前提条件!C28 -> 20000 | E13: =前提条件!C28 -> 20000 | F13: =前提条件!C28 -> 20000 | G13: =前提条件!C28 -> 20000 | H13: =前提条件!C28 -> 20000 | I13: =前提条件!C28 -> 20000 | J13: =前提条件!C28 -> 20000 | K13: =前提条件!C28 -> 20000 | L13: =前提条件!C28 -> 20000 | M13: =前提条件!C28 -> 20000 | N13: =前提条件!C28 -> 20000 | O13: =SUM(C13:N13) -> 240000
B14: マーケティング費 | C14: =前提条件!C29 -> 100000 | D14: =前提条件!C29 -> 100000 | E14: =前提条件!C29 -> 100000 | F14: =前提条件!C29 -> 100000 | G14: =前提条件!C29 -> 100000 | H14: =前提条件!C30 -> 300000 | I14: =前提条件!C30 -> 300000 | J14: =前提条件!C30 -> 300000 | K14: =前提条件!C30 -> 300000 | L14: =前提条件!C30 -> 300000 | M14: =前提条件!C30 -> 300000 | N14: =前提条件!C30 -> 300000 | O14: =SUM(C14:N14) -> 2600000
B15: 外注・業務委託費 | C15: =前提条件!C31 -> 200000 | D15: =前提条件!C31 -> 200000 | E15: =前提条件!C31 -> 200000 | F15: =前提条件!C31 -> 200000 | G15: =前提条件!C31 -> 200000 | H15: =前提条件!C31 -> 200000 | I15: =前提条件!C31 -> 200000 | J15: =前提条件!C31 -> 200000 | K15: =前提条件!C31 -> 200000 | L15: =前提条件!C31 -> 200000 | M15: =前提条件!C31 -> 200000 | N15: =前提条件!C31 -> 200000 | O15: =SUM(C15:N15) -> 2400000
B16: その他 | C16: =前提条件!C32 -> 50000 | D16: =前提条件!C32 -> 50000 | E16: =前提条件!C32 -> 50000 | F16: =前提条件!C32 -> 50000 | G16: =前提条件!C32 -> 50000 | H16: =前提条件!C32 -> 50000 | I16: =前提条件!C32 -> 50000 | J16: =前提条件!C32 -> 50000 | K16: =前提条件!C32 -> 50000 | L16: =前提条件!C32 -> 50000 | M16: =前提条件!C32 -> 50000 | N16: =前提条件!C32 -> 50000 | O16: =SUM(C16:N16) -> 600000
B17: 販管費合計 | C17: =SUM(C12:C16) -> 400000 | D17: =SUM(D12:D16) -> 400000 | E17: =SUM(E12:E16) -> 400000 | F17: =SUM(F12:F16) -> 400000 | G17: =SUM(G12:G16) -> 400000 | H17: =SUM(H12:H16) -> 600000 | I17: =SUM(I12:I16) -> 600000 | J17: =SUM(J12:J16) -> 600000 | ... N17: =SUM(N12:N16) -> 600000 | O17: =SUM(C17:N17) -> 6200000
B19: 営業利益 | C19: =C9-C17 -> -400000 | D19: =D9-D17 -> -400000 | E19: =E9-E17 -> 524000 | F19: =F9-F17 -> 801200 | G19: =G9-G17 -> 1078400 | H19: =H9-H17 -> 1155600 | I19: =I9-I17 -> 1432800 | J19: =J9-J17 -> 1710000 | ... N19: =N9-N17 -> 2818800 | O19: =SUM(C19:N19) -> 15514000
B20: 営業利益率 | C20: =IF(C7=0,0,C19/C7) -> 0 | D20: =IF(D7=0,0,D19/D7) -> 0 | E20: =IF(E7=0,0,E19/E7) -> 0.49904762 | F20: =IF(F7=0,0,F19/F7) -> 0.58695971 | G20: =IF(G7=0,0,G19/G7) -> 0.64190476 | H20: =IF(H7=0,0,H19/H7) -> 0.57924812 | I20: =IF(I7=0,0,I19/I7) -> 0.62025974 | J20: =IF(J7=0,0,J19/J7) -> 0.65142857 | ... O20: =IF(O7=0,0,O19/O7) -> 0.62873354

Sheet 3ヵ年PL
B1: FanUp 3ヵ年損益計算書 単位: 円
B3: 科目 | C3: 保守・初年度 | D3: 保守・2年目 | E3: 保守・3年目 | F3: 標準・初年度 | G3: 標準・2年目 | H3: 標準・3年目 | I3: 楽観・初年度 | J3: 楽観・2年目 | K3: 楽観・3年目
B4: GMV（総取扱高） | C4: 50000000 | D4: 120000000 | E4: 200000000 | F4: 80000000 | G4: 200000000 | H4: 350000000 | I4: 120000000 | J4: 350000000 | K4: 600000000
B5: 売上高（手数料30%） | C5: =C4*前提条件!C5 -> 15000000 | D5: =D4*前提条件!C5 -> 36000000 | E5: =E4*前提条件!C5 -> 60000000 | F5: =F4*前提条件!C5 -> 24000000 | G5: =G4*前提条件!C5 -> 60000000 | H5: =H4*前提条件!C5 -> 105000000 | I5: =I4*前提条件!C5 -> 36000000 | J5: =J4*前提条件!C5 -> 105000000 | K5: =K4*前提条件!C5 -> 180000000
B6: 決済手数料（Stripe 3.6%） | C6: =C4*前提条件!C6 -> 1800000 | D6: =D4*前提条件!C6 -> 4320000 | E6: =E4*前提条件!C6 -> 7200000 | F6: =F4*前提条件!C6 -> 2880000 | G6: =G4*前提条件!C6 -> 7200000 | H6: =H4*前提条件!C6 -> 12600000 | I6: =I4*前提条件!C6 -> 4320000 | J6: =J4*前提条件!C6 -> 12600000 | K6: =K4*前提条件!C6 -> 21600000
B7: 売上総利益 | C7: =C5-C6 -> 13200000 | D7: =D5-D6 -> 31680000 | E7: =E5-E6 -> 52800000 | F7: =F5-F6 -> 21120000 | G7: =G5-G6 -> 52800000 | H7: =H5-H6 -> 92400000 | I7: =I5-I6 -> 31680000 | J7: =J5-J6 -> 92400000 | K7: =K5-K6 -> 158400000
B9: 販管費
B10: サーバー費 | C10: 360000 | D10: 720000 | E10: 1200000 | F10: 360000 | G10: 720000 | H10: 1200000 | I10: 360000 | J10: 720000 | K10: 1200000
B11: ツール・SaaS費 | C11: 240000 | D11: 360000 | E11: 480000 | F11: 240000 | G11: 360000 | H11: 480000 | I11: 240000 | J11: 360000 | K11: 480000
B12: マーケティング費 | C12: 1800000 | D12: 3600000 | E12: 5400000 | F12: 2800000 | G12: 5600000 | H12: 8400000 | I12: 4000000 | J12: 8000000 | K12: 12000000
B13: 人件費・外注費 | C13: 2400000 | D13: 6000000 | E13: 9600000 | F13: 2400000 | G13: 6000000 | H13: 9600000 | I13: 2400000 | J13: 6000000 | K13: 9600000
B14: その他 | C14: 600000 | D14: 900000 | E14: 1200000 | F14: 600000 | G14: 900000 | H14: 1200000 | I14: 600000 | J14: 900000 | K14: 1200000
B15: 販管費合計 | C15: =SUM(C10:C14) -> 5400000 | D15: =SUM(D10:D14) -> 11580000 | E15: =SUM(E10:E14) -> 17880000 | F15: =SUM(F10:F14) -> 6400000 | G15: =SUM(G10:G14) -> 13580000 | H15: =SUM(H10:H14) -> 20880000 | I15: =SUM(I10:I14) -> 7600000 | J15: =SUM(J10:J14) -> 15980000 | K15: =SUM(K10:K14) -> 24480000
B17: 営業利益 | C17: =C7-C15 -> 7800000 | D17: =D7-D15 -> 20100000 | E17: =E7-E15 -> 34920000 | F17: =F7-F15 -> 14720000 | G17: =G7-G15 -> 39220000 | H17: =H7-H15 -> 71520000 | I17: =I7-I15 -> 24080000 | J17: =J7-J15 -> 76420000 | K17: =K7-K15 -> 133920000
B18: 営業利益率 | C18: =IF(C5=0,0,C17/C5) -> 0.52 | D18: =IF(D5=0,0,D17/D5) -> 0.55833333 | E18: =IF(E5=0,0,E17/E5) -> 0.582 | F18: =IF(F5=0,0,F17/F5) -> 0.61333333 | G18: =IF(G5=0,0,G17/G5) -> 0.65366667 | H18: =IF(H5=0,0,H17/H5) -> 0.68114286 | I18: =IF(I5=0,0,I17/I5) -> 0.66888889 | J18: =IF(J5=0,0,J17/J5) -> 0.72780952 | K18: =IF(K5=0,0,K17/K5) -> 0.744
